preguntas,opciones,respuesta,,
¿Cuál de las siguientes acciones es un ejemplo de economía circular?,"[a) Desechar productos electrónicos sin considerar su reutilización, b) Reciclar papel y cartón para la fabricación de nuevos productos, c) Utilizar envases de un solo uso exclusivamente, d) Explotar recursos naturales sin restricciones]",b,,
"¿Qué estrategia promueve la economía circular?
","[a) Incrementar la producción de residuos plásticos, b) Reemplazar productos duraderos con versiones de un solo uso, c) Fomentar la reutilización de materiales en la fabricaciónm, d) Ignorar las prácticas de reciclaje]",c,,
"¿Cuál de las siguientes acciones contribuye a la economía circular?
","[a) Desperdiciar recursos naturales sin consideración, b) Utilizar materiales no reciclables en la producción, c) Implementar sistemas de gestión de residuos ineficientes, d) Diseñar productos para la reparación y reutilización]",d,,
"¿Qué medida apoya la economía circular?
.","[a) Descartar productos electrónicos aún funcionales, b) Utilizar envases de un solo uso sin alternativas, c) Comprar productos sin considerar su durabilidad, d) Implementar el reciclaje en el proceso de fabricación]",d,,
"¿Cuál de las siguientes acciones está alineada con la economía circular?
","[a) Incrementar la producción de residuos plásticos, b) Reducir el uso de materiales reciclados en la fabricación, c) Fomentar la reparación de productos en lugar de reemplazarlos, d) Ignorar las consecuencias ambientales de la producción]",c,,
"¿Qué práctica promueve la economía circular?
","[a) Desperdiciar alimentos en grandes cantidades, b) Fabricar productos con materiales no renovables, c) Utilizar energías renovables en la producción, d) Reutilizar materiales en la cadena de suministro]",d,,
"¿Cuál de las siguientes acciones es un ejemplo de economía circular?
","[a) Descartar productos sin considerar su vida útil restantel, b) Utilizar recursos naturales sin restricciones, c) Comprar productos sin alternativas de reciclaje, d) Reciclar vidrio para su reutilización en la fabricación]",d,,
"¿Qué medida está alineada con la economía circular?
","[a) Desechar productos antes de su vida útil, b) Reducir el embalaje en los productos, c) Utilizar energías no renovables en la producción, d) Incrementar el consumo de recursos naturales]",b,,
"¿Cuál de las siguientes acciones promueve la economía circular?
","[a) Comprar productos de un solo uso y desecharlos después de un solo uso, b) Implementar políticas de obsolescencia programada, c) Utilizar recursos naturales sin considerar su agotamiento, d) Reparar y reutilizar productos electrónicos viejos]",d,,
"¿Qué práctica está relacionada con la economía circular?
.","[a) Desperdiciar recursos naturales sin restricciones, b) Incinerar residuos para su eliminación, c) Diseñar productos para su fácil desecho, d) Utilizar materiales reciclados en la fabricación]",d,,
"¿Qué medida promueve la economía circular?
.","[a) Desperdiciar recursos naturales sin restricciones, b) Ignorar la gestión de residuos, c) Fomentar la reutilización de productos, d) Incrementar la producción de productos de un solo uso]'",c,,
"¿Cuál de las siguientes acciones está alineada con la economía circular?
","[a) Descartar productos electrónicos en vertederos, b) Utilizar energías no renovables en la producción, c) Implementar el diseño para el reciclaje en la fabricación, d) Incrementar el consumo de recursos naturales sin consideración]",c,,
"¿Qué estrategia apoya la economía circular?
","[a) Incrementar la producción de residuos plásticos, b) Reducir el uso de materiales reciclados en la fabricación, c) Reutilizar materiales en la cadena de suministro, d) Ignorar los impactos ambientales de la producción]",c,,
"¿Cuál de las siguientes acciones promueve la economía circular?","[a) Comprar productos sin considerar su durabilidad, b) Desperdiciar recursos naturales sin restricciones, c) Utilizar envases de un solo uso exclusivamente, d) Reutilizar y reciclar materiales en la fabricación]",d,,
"¿Qué medida está relacionada con la economía circular?
","[a) Descartar productos sin alternativas de reciclaje, b) Utilizar recursos naturales sin considerar su agotamiento, c) Reducir el embalaje en los productos, d) Incrementar la producción de residuos plásticos]",c,,
"¿Cuál de las siguientes acciones contribuye a la economía circular?
","[a) Desperdiciar recursos naturales sin restricciones, b) Comprar productos sin considerar su impacto ambiental, c) Reparar y reutilizar productos en lugar de desecharlos, d) Descartar envases de un solo uso después de su primer uso]",c,,
"¿Qué práctica está alineada con la economía circular?
","[a) Utilizar materiales no reciclables en la fabricación, b) Incrementar la producción de productos desechables, c) Recoger y reciclar residuos para su reutilización, d) Ignorar los principios de conservación de recursos]",c,,
"¿Cuál de las siguientes acciones promueve la economía circular?
","[a) Desechar productos electrónicos en vertederos, b) Reducir el uso de materiales reciclados en la producción, c) Reutilizar y reciclar materiales en la cadena de suministro, d) Ignorar los impactos ambientales de la producción]",c,,
"¿Qué estrategia apoya la economía circular?
","[a) Incrementar la producción de residuos plásticos, b) Utilizar energías renovables en la producción, c) Descartar productos en buen estado sin considerar su reutilización, d) Ignorar la gestión adecuada de residuos]",b,,
"¿Cuál de las siguientes acciones está relacionada con la economía circular?
","[a) Comprar productos de un solo uso y desecharlos después de un solo uso, b) Utilizar recursos naturales sin considerar su agotamiento, c) Implementar sistemas de gestión de residuos ineficientes, d) Reciclar materiales para su reutilización en la fabricación]",d,,
"¿Qué medida está alineada con la economía circular?
.","[a) Desperdiciar alimentos sin control, b) Incrementar el uso de materiales no reciclables en la fabricación, c) Diseñar productos para la fácil descomposición, d) Fomentar la reutilización de productos y materiales]",d,,
"¿Cuál de las siguientes acciones promueve la economía circular?
","[a) Descartar productos electrónicos en vertederos, b) Utilizar energías no renovables en la producción, c) Reparar y reutilizar productos en lugar de desecharlos, d) Incrementar la producción de productos de un solo uso]",c,,
"¿Qué práctica está relacionada con la economía circular?
","[a) Utilizar materiales no reciclables en la fabricación, b) Descartar productos sin considerar su vida útil restante, c) Comprar productos sin opciones de reciclaje, d) Reutilizar materiales en la cadena de suministro]",d,,
"¿Cuál de las siguientes acciones contribuye a la economía circular?
","[a) Desechar productos en buen estado sin considerar su reutilización, b) Utilizar envases de un solo uso exclusivamente, c) Ignorar los principios de reducción de residuos, d) Implementar el diseño para el reciclaje en la fabricación]",d,,
